source,i,filename
mdm,2,Praesepe/MODspec/Dec2010_n2/PTF083736.2.fits
mdm,3,Praesepe/MODspec/Dec2010_n3/KW265.fits
mdm,7,Praesepe/MODspec/Dec2010_n2/KW40-West.fits
mdm,9,Praesepe/MODspec/Dec2010_n2/KW323.fits
mdm,16,Praesepe/MODspec/Dec2010_n2/KW212.35.fits
mdm,17,Praesepe/MODspec/Dec2010_n2/KW224.fits
mdm,18,Praesepe/MODspec/Dec2010_n3/KW229.fits
mdm,19,Praesepe/MODspec/Dec2010_n2/KW276.85.fits
mdm,22,Praesepe/MODspec/Dec2010_n2/KW292.fits
mdm,24,Praesepe/MODspec/Dec2010_n3/KW328.fits
mdm,26,Praesepe/MODspec/Dec2010_n2/KW428.fits
mdm,44,Praesepe/MODspec/Dec2010_n2/KW222.fits
mdm,45,Praesepe/MODspec/Feb2011_n1_v2/KW238.fits
mdm,48,Praesepe/MODspec/Dec2010_n2/KW282.fits
mdm,49,Praesepe/MODspec/Dec2010_n2/KW275.fits
mdm,51,Praesepe/MODspec/Feb2011_n1_v2/KW155.fits
mdm,53,Praesepe/MODspec/Dec2010_n2/KW100.fits
mdm,57,Praesepe/MODspec/Dec2010_n2/KW370.fits
mdm,58,Praesepe/MODspec/Dec2010_n2/KW293.fits
mdm,59,Praesepe/MODspec/Feb2011_n3/SW083930.44.fits
mdm,62,Praesepe/MODspec/Dec2010_n5/KW416.fits
mdm,75,Praesepe/MODspec/Dec2010_n5/KW288.fits
mdm,83,Praesepe/MODspec/Feb2011_n3/SW083945.78.fits
mdm,90,Praesepe/MODspec/Dec2010_n2/KW334.fits
mdm,91,Praesepe/MODspec/Dec2010_n2/KW495.fits
mdm,102,Praesepe/MODspec/Dec2010_n2/KW34.fits
mdm,105,Praesepe/MODspec/Dec2010_n2/KW142.fits
mdm,107,Praesepe/MODspec/Feb2011_n3/SW083722.23.fits
mdm,108,Praesepe/MODspec/Dec2010_n2/KW181.fits
mdm,112,Praesepe/MODspec/Dec2010_n2/KW217.fits
mdm,114,Praesepe/MODspec/Feb2011_n3/SW083711.48.fits
mdm,115,Praesepe/MODspec/Feb2011_n4/HSHJ303.fits
mdm,118,Praesepe/MODspec/Dec2010_n2/KW458.fits
mdm,125,Praesepe/MODspec/Dec2010_n3/KW322.78.fits
mdm,127,Praesepe/MODspec/Feb2011_n4/JS706.fits
mdm,128,Praesepe/MODspec/Feb2011_n4/JS313.fits
mdm,131,Praesepe/MODspec/Feb2011_n3/SW083935.53.fits
mdm,135,Praesepe/MODspec/Dec2010_n4/JS_237.fits
mdm,142,Praesepe/MODspec/Dec2010_n4/KW_570.fits
mdm,144,Praesepe/MODspec/Feb_2012_specs/new_Feb_18_finals/KW27.fits
mdm,145,Praesepe/MODspec/Dec2010_n4/AD_2552.fits
mdm,151,Praesepe/MODspec/Feb2011_n3/SW083921.54.fits
mdm,152,Praesepe/MODspec/Dec2010_n3/KW47.fits
mdm,161,Praesepe/MODspec/Feb_2012_specs/new_Feb_18_finals/KW539.fits
mdm,164,Praesepe/MODspec/Dec2010_n2/KW16.fits
mdm,167,Praesepe/MODspec/Dec2010_n2/KW434.fits
mdm,173,Praesepe/MODspec/Dec2010_n4/JS_283.fits
mdm,176,Praesepe/MODspec/Dec2010_n4/JS_468.fits
mdm,181,Praesepe/MODspec/Dec2010_n3/JS379.fits
mdm,183,Praesepe/MODspec/Feb2011_n4/JS178.fits
mdm,190,Praesepe/MODspec/Dec2010_n4/KW_184.fits
mdm,200,Praesepe/MODspec/Feb2011_n4/KW563.fits
mdm,201,Praesepe/MODspec/Dec2010_n5/KW257.fits
mdm,210,Praesepe/MODspec/Dec2010_n4/JS_365.fits
mdm,212,Praesepe/MODspec/Dec2010_n2/KW244.fits
mdm,213,Praesepe/MODspec/Feb2011_n3/SW084047.61.fits
mdm,216,Praesepe/MODspec/Feb2011_n3/SW083727.54.fits
mdm,218,Praesepe/MODspec/Dec2010_n4/JS_148.fits
mdm,221,Praesepe/MODspec/Dec2010_n4/JS_241.fits
mdm,222,Praesepe/MODspec/Feb2011_n4/JS447.fits
mdm,225,Praesepe/MODspec/Feb2011_n3/SW083747.39.fits
mdm,226,Praesepe/MODspec/Feb2011_n4/HSHJ272.fits
mdm,227,Praesepe/MODspec/Dec2010_n5/KW559.fits
mdm,239,Praesepe/MODspec/Feb2011_n3/SW084647.32.fits
mdm,241,Praesepe/MODspec/Dec2010_n2/JS526.fits
mdm,244,Praesepe/MODspec/Dec2010_n4/JS_457.fits
mdm,248,Praesepe/MODspec/Feb2011_n4/JS418.fits
mdm,250,Praesepe/MODspec/Dec2010_n3/KW236.fits
mdm,255,Praesepe/MODspec/Dec2010_n4/JS_174.fits
mdm,259,Praesepe/MODspec/Dec2010_n4/JS_110.fits
mdm,276,Praesepe/MODspec/Feb2011_n3/SW084033.46.fits
mdm,282,Praesepe/MODspec/Dec2010_n2/KW172.fits
mdm,283,Praesepe/MODspec/Feb2011_n1_v2/JS470.fits
mdm,286,Praesepe/MODspec/Dec2010_n1/JS159.fits
mdm,289,Praesepe/MODspec/Feb2011_n2/JS109.fits
mdm,295,Praesepe/MODspec/Dec2010_n4/JS_430.fits
mdm,296,Praesepe/MODspec/Dec2010_n2/KW417.fits
mdm,307,Praesepe/MODspec/Dec2010_n2/PTF083736.2.fits
mdm,312,Praesepe/MODspec/Feb2011_n3/SW084248.47.fits
mdm,314,Praesepe/MODspec/Feb2011_n1_v2/A1501.fits
mdm,319,Praesepe/MODspec/Feb2011_n4/KW267.fits
mdm,321,Praesepe/MODspec/Dec2010_n2/JS160.fits
mdm,322,Praesepe/MODspec/Feb2011_n3/SW083733.07.fits
mdm,325,Praesepe/MODspec/Feb2011_n3/SW084317.83.fits
mdm,326,Praesepe/MODspec/Feb2011_n3/SW083902.28.fits
mdm,327,Praesepe/MODspec/Feb2011_n3/SW084036.23.fits
mdm,329,Praesepe/MODspec/Feb2011_n4/JS490.fits
mdm,330,Praesepe/MODspec/Dec2010_n2/KW183.fits
mdm,349,Praesepe/MODspec/Dec2010_n4/JS_250.fits
mdm,358,Praesepe/MODspec/Dec2010_n2/KW256.fits
mdm,360,Praesepe/MODspec/Dec2010_n3/JS533.fits
mdm,364,Praesepe/MODspec/Feb2011_n4/JS552.fits
mdm,375,Praesepe/MODspec/Dec2010_n5/JS595.fits
mdm,376,Praesepe/MODspec/Dec2010_n1/JS46.fits
mdm,383,Praesepe/MODspec/Feb_2012_specs/new_Feb_18_finals/JS520.fits
mdm,389,Praesepe/MODspec/Feb2011_n2/JS145.fits
mdm,398,Praesepe/MODspec/Feb_2012_specs/new_Feb_18_finals/JS493.fits
mdm,407,Praesepe/MODspec/Dec2010_n2/JS572.fits
mdm,410,Praesepe/MODspec/Dec2010_n4/JS_95.fits
mdm,417,Praesepe/MODspec/Dec2010_n4/JS_506.fits
mdm,422,Praesepe/MODspec/Dec2010_n2/KW263.fits
mdm,426,Praesepe/MODspec/Feb2011_n3/SW084055.31.fits
mdm,430,Praesepe/MODspec/Dec2010_n1/JS_415.fits
mdm,433,no string
mdm,454,Praesepe/MODspec/Dec2010_n1/JS_432.fits
mdm,466,Praesepe/MODspec/Feb_2012_specs/new_Feb_18_finals/JS127.fits
mdm,467,Praesepe/MODspec/Feb2011_n3/SW083735.77.fits
mdm,480,Praesepe/MODspec/Feb2011_n4/JS117.fits
mdm,483,Praesepe/MODspec/Dec2010_n4/JS_364.fits
mdm,486,Praesepe/MODspec/Dec2010_n1/JS_525.fits
mdm,490,Praesepe/MODspec/Feb2011_n2/JS92.fits
mdm,504,Praesepe/MODspec/Dec2010_n2/JS104.fits
mdm,518,Praesepe/MODspec/Dec2010_n1/JS181.11.fits
mdm,525,Praesepe/MODspec/Dec2010_n4/JS_187.fits
mdm,526,Praesepe/MODspec/Feb2011_n3/SW084332.39.fits
mdm,527,Praesepe/MODspec/Dec2010_n5/AD2250.fits
mdm,533,Praesepe/MODspec/Dec2010_n2/JS276.fits
mdm,534,Praesepe/MODspec/Feb2011_n4/JS649.fits
mdm,535,Praesepe/MODspec/Feb_2012_specs/new_Feb_18_finals/KW560.fits
mdm,538,Praesepe/MODspec/Dec2010_n3/JS355.fits
mdm,542,Praesepe/MODspec/Dec2010_n2/JS667.68.fits
mdm,553,Praesepe/MODspec/Dec2010_n2/KW401.fits
mdm,554,Praesepe/MODspec/Dec2010_n5/JS112.fits
mdm,564,Praesepe/MODspec/Feb2011_n1_v2/JS129.fits
mdm,576,Praesepe/MODspec/Dec2010_n3/JS48.fits
mdm,577,Praesepe/MODspec/Dec2010_n5/JS561.fits
mdm,579,Praesepe/MODspec/Feb2011_n2/JS169.fits
mdm,583,Praesepe/MODspec/Feb_2012_specs/new_Feb_18_finals/KW390.fits
mdm,593,Praesepe/MODspec/Feb2011_n2/083802+211219.fits
mdm,597,Praesepe/MODspec/Feb2011_n2/JS227.fits
mdm,614,Praesepe/MODspec/Dec2010_n5/JS462.fits
mdm,619,Praesepe/MODspec/Feb2011_n1_v2/084849+201327.fits
mdm,627,Praesepe/MODspec/Feb2011_n3/JS35.fits
mdm,629,Praesepe/MODspec/Dec2010_n3/JS118.fits
mdm,631,Praesepe/MODspec/Feb2011_n2/JS594.fits
mdm,637,Praesepe/MODspec/Feb2011_n1_v2/JS596.fits
mdm,663,Praesepe/MODspec/Dec2010_n1/AD1508.fits
mdm,666,Praesepe/MODspec/Dec2010_n2/JC85.fits
mdm,670,Praesepe/MODspec/Dec2010_n3/JS21.fits
mdm,676,Praesepe/MODspec/Feb_2012_specs/new_Feb_18_finals/KW48.fits
mdm,688,Praesepe/MODspec/Dec2010_n3/AD1427.fits
mdm,693,Praesepe/MODspec/Dec2010_n5/JS547.fits
mdm,694,Praesepe/MODspec/Dec2010_n2/JS45.fits
mdm,696,Praesepe/MODspec/Feb2011_n4/JS240.fits
mdm,705,Praesepe/MODspec/Feb2011_n1_v2/AD2496.fits
mdm,714,Praesepe/MODspec/Dec2010_n1/2MASSJ0849+1831.fits
mdm,720,Praesepe/MODspec/Feb2011_n1_v2/JS532.fits
mdm,721,Praesepe/MODspec/Feb2011_n2/AD1594.fits
mdm,725,Praesepe/MODspec/Feb2011_n2/JS65.fits
mdm,731,Praesepe/MODspec/Dec2010_n3/JS548.fits
mdm,738,Praesepe/MODspec/Dec2010_n5/JS31.fits
mdm,740,Praesepe/MODspec/Dec2010_n1/JS545.fits
mdm,741,Praesepe/MODspec/Feb2011_n3/SW083628.30.fits
mdm,742,Praesepe/MODspec/Feb2011_n1_v2/JS8.fits
mdm,745,Praesepe/MODspec/Feb2011_n2/JS156.fits
mdm,746,Praesepe/MODspec/Feb2011_n2/AD2354.fits
mdm,751,Praesepe/MODspec/Feb2011_n3/083815+212308.fits
mdm,753,Praesepe/MODspec/Dec2010_n5/JS154.fits
mdm,754,Praesepe/MODspec/Feb2011_n2/JC123.fits
mdm,757,Praesepe/MODspec/Feb2011_n2/HSHJ385.fits
mdm,758,Praesepe/MODspec/Dec2010_n1/JS_644.fits
mdm,765,Praesepe/MODspec/Feb2011_n2/AD1423.fits
mdm,777,Praesepe/MODspec/Dec2010_n1/2MASSJ0850+1936.31.fits
mdm,782,Praesepe/MODspec/Feb2011_n2/JS231.fits
mdm,785,Praesepe/MODspec/Dec2010_n5/JS23.fits
mdm,789,Praesepe/MODspec/Dec2010_n2/JS566.fits
mdm,791,Praesepe/MODspec/Feb2011_n1_v2/JS632.fits
mdm,798,Praesepe/MODspec/Feb2011_n3/SW083627.81.fits
mdm,800,Praesepe/MODspec/Feb2011_n3/AD1296.fits
mdm,821,Praesepe/MODspec/Feb2011_n3/SW084059.70.fits
mdm,829,Praesepe/MODspec/Dec2010_n2/AD3128.fits
mdm,831,Praesepe/MODspec/Feb2011_n1_v2/AD2371.fits
mdm,850,Praesepe/MODspec/Dec2010_n1/JS_489.fits
mdm,874,Praesepe/MODspec/Dec2010_n1/HSHJ15.fits
mdm,876,Praesepe/MODspec/Dec2010_n2/JS70.fits
mdm,898,Praesepe/MODspec/Dec2010_n4/JS_497.fits
mdm,899,Praesepe/MODspec/Dec2010_n4/JS_505.fits
mdm,904,Praesepe/MODspec/Dec2010_n2/JC10.60.fits
mdm,905,Praesepe/MODspec/Feb2011_n1_v2/AD1026.fits
mdm,908,Praesepe/MODspec/Feb2011_n4/AD1240.fits
mdm,913,Praesepe/MODspec/Dec2010_n3/AD3962.fits
mdm,927,Praesepe/MODspec/Feb2011_n2/JS586.fits
mdm,931,Praesepe/MODspec/Feb2011_n3/AD2595.fits
mdm,933,Praesepe/MODspec/Dec2010_n5/AD1459.fits
mdm,941,Praesepe/MODspec/Dec2010_n2/AD1512.fits
mdm,952,Praesepe/MODspec/Feb2011_n4/JS582.fits
mdm,953,Praesepe/MODspec/Dec2010_n5/HSHJ506.fits
mdm,979,Praesepe/MODspec/Feb2011_n1_v2/084628+222107.fits
mdm,981,Praesepe/MODspec/Feb2011_n1_v2/084704+221625.fits
mdm,992,Praesepe/MODspec/Dec2010_n3/JS131.fits
mdm,1002,Praesepe/MODspec/Dec2010_n2/AD1025.fits
mdm,1008,Praesepe/MODspec/Dec2010_n2/AD2380.fits
mdm,1014,Praesepe/MODspec/Dec2010_n2/KW496.fits
mdm,1015,Praesepe/MODspec/Dec2010_n2/PTF084914.7.fits
mdm,1018,Praesepe/MODspec/Dec2010_n5/AD4129.fits
mdm,1023,Praesepe/MODspec/Feb2011_n1_v2/AD3954.fits
mdm,1047,Praesepe/MODspec/Dec2010_n2/AD4269.fits
mdm,1053,Praesepe/MODspec/Feb2011_n1_v2/JS236.fits
mdm,1067,Praesepe/MODspec/Dec2010_n3/AD4242.fits
mdm,1099,Praesepe/MODspec/Dec2010_n5/AD2932.fits
mdm,1117,Praesepe/MODspec/Dec2010_n5/AD0868.fits
mdm,1125,Praesepe/MODspec/Dec2010_n1/JS_634.fits
mdm,1127,Praesepe/MODspec/Dec2010_n5/AD0982.fits
mdm,1137,Praesepe/MODspec/Dec2010_n5/II490.fits
mdm,1139,Praesepe/MODspec/Dec2010_n2/AD0795.fits
mdm,1154,Praesepe/MODspec/Feb2011_n1_v2/AD1690.fits
mdm,1157,Praesepe/MODspec/Dec2010_n2/AD1128.fits
mdm,1158,Praesepe/MODspec/Feb2011_n1_v2/AD0432.fits
mdm,1160,Praesepe/MODspec/Feb2011_n1_v2/JS660.fits
mdm,1162,Praesepe/MODspec/Feb2011_n3/SW084714.12.fits
kafka,0,Praesepe/KafkaHoneycutt/prae232.text
kafka,1,Praesepe/KafkaHoneycutt/prae327.text
kafka,39,Praesepe/KafkaHoneycutt/prae315.text
kafka,106,Praesepe/KafkaHoneycutt/prae252.text
kafka,109,Praesepe/KafkaHoneycutt/prae329.text
kafka,111,Praesepe/KafkaHoneycutt/prae281.text
kafka,115,Praesepe/KafkaHoneycutt/prae303.text
kafka,117,Praesepe/KafkaHoneycutt/prae293.text
kafka,121,Praesepe/KafkaHoneycutt/prae368.text
kafka,127,Praesepe/KafkaHoneycutt/prae253.text
kafka,128,Praesepe/KafkaHoneycutt/prae285.text
kafka,134,Praesepe/KafkaHoneycutt/prae184.text
kafka,135,Praesepe/KafkaHoneycutt/prae207.text
kafka,138,Praesepe/KafkaHoneycutt/prae363.text
kafka,140,Praesepe/KafkaHoneycutt/prae289.text
kafka,142,Praesepe/KafkaHoneycutt/prae278.text
kafka,149,Praesepe/KafkaHoneycutt/prae397.text
kafka,153,Praesepe/KafkaHoneycutt/prae275.text
kafka,156,Praesepe/KafkaHoneycutt/prae194.text
kafka,157,Praesepe/KafkaHoneycutt/prae360.text
kafka,163,Praesepe/KafkaHoneycutt/prae204.text
kafka,166,Praesepe/KafkaHoneycutt/prae294.text
kafka,168,Praesepe/KafkaHoneycutt/prae128.text
kafka,169,Praesepe/KafkaHoneycutt/prae302.text
kafka,173,Praesepe/KafkaHoneycutt/prae257.text
kafka,174,Praesepe/KafkaHoneycutt/prae246.text
kafka,176,Praesepe/KafkaHoneycutt/prae401.text
kafka,184,Praesepe/KafkaHoneycutt/prae247.text
kafka,185,Praesepe/KafkaHoneycutt/prae424.text
kafka,188,Praesepe/KafkaHoneycutt/prae187.text
kafka,192,Praesepe/KafkaHoneycutt/prae291.text
kafka,193,Praesepe/KafkaHoneycutt/prae122.text
kafka,195,Praesepe/KafkaHoneycutt/prae245.text
kafka,196,Praesepe/KafkaHoneycutt/prae224.text
kafka,199,Praesepe/KafkaHoneycutt/prae255.text
kafka,200,Praesepe/KafkaHoneycutt/prae249.text
kafka,202,Praesepe/KafkaHoneycutt/prae126.text
kafka,204,Praesepe/KafkaHoneycutt/prae115.text
kafka,205,Praesepe/KafkaHoneycutt/prae393.text
kafka,209,Praesepe/KafkaHoneycutt/prae148.text
kafka,210,Praesepe/KafkaHoneycutt/prae320.text
kafka,218,Praesepe/KafkaHoneycutt/prae133.text
kafka,221,Praesepe/KafkaHoneycutt/prae212.text
kafka,223,Praesepe/KafkaHoneycutt/prae158.text
kafka,224,Praesepe/KafkaHoneycutt/prae111.text
kafka,226,Praesepe/KafkaHoneycutt/prae272.text
kafka,231,Praesepe/KafkaHoneycutt/prae244.text
kafka,232,Praesepe/KafkaHoneycutt/prae441.text
kafka,234,Praesepe/KafkaHoneycutt/prae288.text
kafka,235,Praesepe/KafkaHoneycutt/prae440.text
kafka,237,Praesepe/KafkaHoneycutt/prae295.text
kafka,240,Praesepe/KafkaHoneycutt/prae273.text
kafka,244,Praesepe/KafkaHoneycutt/prae395.text
kafka,248,Praesepe/KafkaHoneycutt/prae357.text
kafka,255,Praesepe/KafkaHoneycutt/prae155.text
kafka,259,Praesepe/KafkaHoneycutt/prae103.text
kafka,260,Praesepe/KafkaHoneycutt/prae260.text
kafka,262,Praesepe/KafkaHoneycutt/prae359.text
kafka,264,Praesepe/KafkaHoneycutt/prae191.text
kafka,268,Praesepe/KafkaHoneycutt/prae414.text
kafka,278,Praesepe/KafkaHoneycutt/prae219.text
kafka,280,Praesepe/KafkaHoneycutt/prae152.text
kafka,281,Praesepe/KafkaHoneycutt/prae237.text
kafka,285,Praesepe/KafkaHoneycutt/prae465.text
kafka,287,Praesepe/KafkaHoneycutt/prae140.text
kafka,288,Praesepe/KafkaHoneycutt/prae228.text
kafka,293,Praesepe/KafkaHoneycutt/prae376.text
kafka,295,Praesepe/KafkaHoneycutt/prae366.text
kafka,298,Praesepe/KafkaHoneycutt/prae169.text
kafka,300,Praesepe/KafkaHoneycutt/prae292.text
kafka,302,Praesepe/KafkaHoneycutt/prae301.text
kafka,308,Praesepe/KafkaHoneycutt/prae161.text
kafka,316,Praesepe/KafkaHoneycutt/prae330.text
kafka,324,Praesepe/KafkaHoneycutt/prae400.text
kafka,329,Praesepe/KafkaHoneycutt/prae425.text
kafka,334,Praesepe/KafkaHoneycutt/prae81.text
kafka,336,Praesepe/KafkaHoneycutt/prae134.text
kafka,338,Praesepe/KafkaHoneycutt/prae438.text
kafka,341,Praesepe/KafkaHoneycutt/prae286.text
kafka,350,Praesepe/KafkaHoneycutt/prae328.text
kafka,355,Praesepe/KafkaHoneycutt/prae166.text
kafka,363,Praesepe/KafkaHoneycutt/prae442.text
kafka,365,Praesepe/KafkaHoneycutt/prae77.text
kafka,366,Praesepe/KafkaHoneycutt/prae383.text
kafka,374,Praesepe/KafkaHoneycutt/prae182.text
kafka,380,Praesepe/KafkaHoneycutt/prae415.text
kafka,381,Praesepe/KafkaHoneycutt/prae307.text
kafka,385,Praesepe/KafkaHoneycutt/prae394.text
kafka,391,Praesepe/KafkaHoneycutt/prae163.text
kafka,395,Praesepe/KafkaHoneycutt/prae410.text
kafka,401,Praesepe/KafkaHoneycutt/prae164.text
kafka,410,Praesepe/KafkaHoneycutt/prae82.text
kafka,411,Praesepe/KafkaHoneycutt/prae86.text
kafka,412,Praesepe/KafkaHoneycutt/prae258.text
kafka,417,Praesepe/KafkaHoneycutt/prae435.text
kafka,418,Praesepe/KafkaHoneycutt/prae489.text
kafka,432,Praesepe/KafkaHoneycutt/prae70.text
kafka,436,Praesepe/KafkaHoneycutt/prae69.text
kafka,442,Praesepe/KafkaHoneycutt/prae256.text
kafka,445,Praesepe/KafkaHoneycutt/prae345.text
kafka,447,Praesepe/KafkaHoneycutt/prae343.text
kafka,451,Praesepe/KafkaHoneycutt/prae68.text
kafka,453,Praesepe/KafkaHoneycutt/prae90.text
kafka,456,Praesepe/KafkaHoneycutt/prae284.text
kafka,457,Praesepe/KafkaHoneycutt/prae192.text
kafka,460,Praesepe/KafkaHoneycutt/prae72.text
kafka,464,Praesepe/KafkaHoneycutt/prae421.text
kafka,468,Praesepe/KafkaHoneycutt/prae354.text
kafka,470,Praesepe/KafkaHoneycutt/prae362.text
kafka,474,Praesepe/KafkaHoneycutt/prae107.text
kafka,476,Praesepe/KafkaHoneycutt/prae270.text
kafka,483,Praesepe/KafkaHoneycutt/prae319.text
kafka,484,Praesepe/KafkaHoneycutt/prae136.text
kafka,488,Praesepe/KafkaHoneycutt/prae102.text
kafka,493,Praesepe/KafkaHoneycutt/prae382.text
kafka,499,Praesepe/KafkaHoneycutt/prae310.text
kafka,501,Praesepe/KafkaHoneycutt/prae361.text
kafka,505,Praesepe/KafkaHoneycutt/prae338.text
kafka,510,Praesepe/KafkaHoneycutt/prae392.text
kafka,511,Praesepe/KafkaHoneycutt/prae409.text
kafka,512,Praesepe/KafkaHoneycutt/prae430.text
kafka,516,Praesepe/KafkaHoneycutt/prae418.text
kafka,520,Praesepe/KafkaHoneycutt/prae117.text
kafka,525,Praesepe/KafkaHoneycutt/prae168.text
kafka,529,Praesepe/KafkaHoneycutt/prae113.text
kafka,530,Praesepe/KafkaHoneycutt/prae390.text
kafka,535,Praesepe/KafkaHoneycutt/prae238.text
kafka,548,Praesepe/KafkaHoneycutt/prae380.text
kafka,551,Praesepe/KafkaHoneycutt/prae353.text
kafka,570,Praesepe/KafkaHoneycutt/prae364.text
kafka,575,Praesepe/KafkaHoneycutt/prae138.text
kafka,584,Praesepe/KafkaHoneycutt/prae456.text
kafka,587,Praesepe/KafkaHoneycutt/prae181.text
kafka,589,Praesepe/KafkaHoneycutt/prae101.text
kafka,607,Praesepe/KafkaHoneycutt/prae459.text
kafka,608,Praesepe/KafkaHoneycutt/prae151.text
kafka,611,Praesepe/KafkaHoneycutt/prae160.text
kafka,633,Praesepe/KafkaHoneycutt/prae445.text
kafka,651,Praesepe/KafkaHoneycutt/prae85.text
kafka,657,Praesepe/KafkaHoneycutt/prae57.text
kafka,668,Praesepe/KafkaHoneycutt/prae56.text
kafka,686,Praesepe/KafkaHoneycutt/prae490.text
kafka,716,Praesepe/KafkaHoneycutt/prae346.text
kafka,723,Praesepe/KafkaHoneycutt/prae379.text
kafka,752,Praesepe/KafkaHoneycutt/prae300.text
kafka,766,Praesepe/KafkaHoneycutt/prae473.text
kafka,781,Praesepe/KafkaHoneycutt/prae404.text
kafka,799,Praesepe/KafkaHoneycutt/prae327.text
kafka,825,Praesepe/KafkaHoneycutt/prae314.text
kafka,864,Praesepe/KafkaHoneycutt/prae112.text
kafka,892,Praesepe/KafkaHoneycutt/prae450.text
kafka,898,Praesepe/KafkaHoneycutt/prae432.text
kafka,899,Praesepe/KafkaHoneycutt/prae434.text
kafka,900,Praesepe/KafkaHoneycutt/prae443.text
kafka,903,Praesepe/KafkaHoneycutt/prae232.text
kafka,955,Praesepe/KafkaHoneycutt/prae55.text
kafka,989,Praesepe/KafkaHoneycutt/prae417.text
kafka,1113,Praesepe/KafkaHoneycutt/prae377.text
kafka,1120,Praesepe/KafkaHoneycutt/prae241.text
kafka,1143,Praesepe/KafkaHoneycutt/prae426.text
kafka,1164,Praesepe/KafkaHoneycutt/prae274.text
hydra,39,PraeF1_new/JC201-513.fits
hydra,46,PraeB1_new/KW239-133.fits
hydra,47,PraeB1_new/KW271-206.fits
hydra,50,PraeB2/KW392.fits
hydra,55,PraeB1_new/KW114-171.fits
hydra,56,PraeB1_new/KW268-287.fits
hydra,59,PraeB1_new/KW182-126.fits
hydra,63,PraeB1_new/KW304-83.fits
hydra,64,PraeB1_new/KW309-114.fits
hydra,65,Hydra_spectra/PraeB1_ascii/KW_38-332.asc
hydra,67,PraeB1_new/KW367-127.fits
hydra,69,PraeB1_new/KW350-144.fits
hydra,71,PraeB2/KW368.fits
hydra,82,PraeB2/KW213.fits
hydra,86,PraeB1_new/KW143-174.fits
hydra,88,PraeB1_new/KW154-175.fits
hydra,103,PraeF1_new/AD_2676-86.fits
hydra,106,PraeB1_new/KW564-307.fits
hydra,110,PraeB1_new/AD_2759-96.fits
hydra,111,PraeB1_new/KW571-309.fits
hydra,115,PraeB1_new/HSHJ303-230.fits
hydra,125,PraeB1_new/KW322-330.fits
hydra,126,PraeF1_new/HSHJ248-172.fits
hydra,127,PraeF1_new/JS706-503.fits
hydra,128,PraeB1_new/JS313-218.fits
hydra,133,PraeF1_new/AD_2802-121.fits
hydra,134,PraeB1_new/JS206-300.fits
hydra,135,PraeB1_new/JS237-285.fits
hydra,138,PraeB2/JS427.fits
hydra,140,PraeF1_new/needsname0839+193934-574.fits
hydra,143,PraeF1_new/HSHJ235-222.fits
hydra,145,PraeB1_new/AD_2552-245.fits
hydra,147,PraeB1_new/JS243-235.fits
hydra,150,PraeB1_new/JS270-288.fits
hydra,153,PraeB1_new/KW569-336.fits
hydra,154,PraeB1_new/AD_2328-2.fits
hydra,159,PraeB2/JS394.fits
hydra,166,PraeF1_new/JS717-577.fits
hydra,169,PraeF1_new/HSHJ302-518.fits
hydra,170,PraeB1_new/JS373-351.fits
hydra,172,PraeF1_new/AD_2969-250.fits
hydra,173,PraeB1_new/JS283-276.fits
hydra,174,PraeF1_new/HSHJ246-604.fits
hydra,175,PraeF2/JS311.fits
hydra,177,PraeF3/needsname0837+192909.fits
hydra,179,PraeB2/KW476.fits
hydra,185,PraeB2/HSHJ424.fits
hydra,191,PraeB1_new/JS321-215.fits
hydra,194,PraeF1_new/JS713-238.fits
hydra,195,PraeF1_new/JC143-496.fits
hydra,200,PraeB1_new/KW563-299.fits
hydra,206,PraeB1_new/KW349-69.fits
hydra,208,PraeB1_new/KW297-120.fits
hydra,210,PraeF1_new/JS365-509.fits
hydra,211,PraeF2/AD_2562.fits
hydra,222,PraeF1_new/JS447-42.fits
hydra,226,PraeB1_new/HSHJ272-224.fits
hydra,227,PraeB1_new/KW559-348.fits
hydra,230,PraeF1_new/AD_2885-102.fits
hydra,235,PraeB2/JS514.fits
hydra,237,PraeF1_new/JS718-573.fits
hydra,239,PraeF4/JS638.fits
hydra,243,PraeF1_new/AD_3001-213.fits
hydra,244,PraeB2/JS457.fits
hydra,250,PraeB1_new/KW236-339.fits
hydra,251,PraeF5/AD_3225.fits
hydra,252,PraeF1_new/JS710-142.fits
hydra,254,PraeB1_new/noname0838+2008-599.fits
hydra,258,PraeF1_new/HSHJ215-348.fits
hydra,263,PraeB1_new/KW566-315.fits
hydra,272,PraeF2/AD_2615.fits
hydra,273,PraeB1_new/JS255-217.fits
hydra,276,PraeB1_new/KW313-150.fits
hydra,288,PraeF3/JS251.fits
hydra,292,PraeB2/JS504.fits
hydra,294,PraeF2/JS416.fits
hydra,295,PraeB1_new/JS430-273.fits
hydra,297,PraeF2/AD_2272.fits
hydra,304,PraeF2/AD_2825.fits
hydra,305,PraeF2/JS704.fits
hydra,309,PraeF1_new/HSHJ218-314.fits
hydra,313,PraeF1_new/AD_2803-105.fits
hydra,316,PraeF1_new/JS391-519.fits
hydra,319,PraeF1_new/KW267-7.fits
hydra,329,PraeB2/JS490.fits
hydra,338,PraeB2/JS513.fits
hydra,343,PraeF2/JS720.fits
hydra,344,PraeF4/AD_3196.fits
hydra,346,PraeF3/HSHJ229.fits
hydra,349,PraeB1_new/JS250-228.fits
hydra,350,PraeF1_new/HSHJ328-621.fits
hydra,353,PraeF5/AD_3511.fits
hydra,356,PraeF5/AD_3140.fits
hydra,359,PraeF3/needsname0837+193303.fits
hydra,362,PraeF4/JS564.fits
hydra,370,PraeB1_new/JS191-190.fits
hydra,373,PraeF5/AD_3312.fits
hydra,377,PraeF1_new/AD_2959-305.fits
hydra,395,PraeB2/JS474.fits
hydra,396,PraeF1_new/AD_2509-424.fits
hydra,397,PraeF4/AD_3547.fits
hydra,401,PraeF3/HSHJ164.fits
hydra,404,PraeF5/HSHJ458.fits
hydra,406,PraeF1_new/HSHJ396-351.fits
hydra,414,PraeF3/AD_2527.fits
hydra,424,PraeF2/JS266.fits
hydra,435,PraeF2/AD_2791.fits
hydra,440,PraeF3/JS193.fits
hydra,450,PraeB2/KW471.fits
hydra,457,PraeB1_new/HSHJ192-234.fits
hydra,458,PraeF5/AD_3310.fits
hydra,464,PraeB2/HSHJ421.fits
hydra,468,PraeB2/JS414.fits
hydra,472,PraeF2/HSHJ261.fits
hydra,477,PraeF3/HSHJ279.fits
hydra,484,PraeF3/HSHJ136.fits
hydra,489,PraeF5/JS753.fits
hydra,498,PraeF1_new/AD_3031-299.fits
hydra,501,PraeB2/JS726.fits
hydra,502,PraeF5/JS743.fits
hydra,503,PraeF3/HSHJ135.fits
hydra,506,PraeF3/JS124.fits
hydra,510,PraeB2/JS455.fits
hydra,512,PraeB2/HSHJ430.fits
hydra,513,PraeF3/JS260.fits
hydra,530,PraeB2/JS452.fits
hydra,532,PraeF4/AD_3403.fits
hydra,545,PraeF4/AD_3375.fits
hydra,550,PraeF4/JS613.fits
hydra,559,PraeF2/AD_2565.fits
hydra,565,PraeF4/AD_3413.fits
hydra,571,PraeF2/JS715.fits
hydra,573,PraeF1_new/HSHJ233-406.fits
hydra,594,PraeF4/JS617.fits
hydra,598,PraeF1_new/HSHJ352-366.fits
hydra,607,PraeF4/HSHJ459.fits
hydra,612,PraeF4/JS574.fits
hydra,613,PraeF3/AD_2248.fits
hydra,623,PraeF1_new/AD_2902-8.fits
hydra,630,PraeF3/AD_2413.fits
hydra,631,PraeF5/JS594.fits
hydra,633,PraeB2/HSHJ445.fits
hydra,635,PraeF4/AD_3400.fits
hydra,639,PraeF4/AD_3525.fits
hydra,646,PraeF3/HSHJ269.fits
hydra,652,PraeF2/needsname0838+201835.fits
hydra,662,PraeF4/AD_3534.fits
hydra,674,PraeF4/needsname0846+192534.fits
hydra,680,PraeF1_new/AD_3028-166.fits
hydra,692,PraeF2/needsname0837+204740.fits
hydra,698,PraeF5/AD_3273.fits
hydra,706,PraeF4/AD_3518.fits
hydra,708,PraeF3/HSHJ189.fits
hydra,712,Hydra_spectra/PraeB1_ascii/KW_55-109.asc
hydra,733,PraeF3/HSHJ196.fits
hydra,752,PraeB1_new/HSHJ300-259.fits
hydra,769,PraeF4/needsname0846+191630.fits
hydra,778,PraeF4/AD_3527.fits
hydra,779,PraeF2/needsname0838+204716.fits
hydra,781,PraeB2/HSHJ404.fits
hydra,784,PraeB2/KW425.fits
hydra,797,PraeF1_new/AD_3050-300.fits
hydra,809,PraeF4/AD_3470.fits
hydra,834,PraeF5/AD_3485.fits
hydra,892,PraeB2/JS530.fits
hydra,896,PraeF1_new/HSHJ344-634.fits
hydra,900,PraeB2/JS523.fits
hydra,916,PraeF3/HSHJ165.fits
hydra,960,PraeF1_new/AD_2878-390.fits
hydra,989,PraeB2/HSHJ417.fits
hydra,1000,PraeF2/AD_2668.fits
hydra,1020,PraeF1_new/needsname0839+193016-477.fits
hydra,1036,PraeF1_new/AD_2642-126.fits
hydra,1081,PraeF4/JS759.fits
hydra,1097,PraeF2/AD_2545.fits
hydra,1122,PraeB1_new/JS285-278.fits
allen,39,Praesepe/AllenStrom/K6V.prae354.fits
allen,50,Praesepe/AllenStrom/G0V.prae431.fits
allen,56,Praesepe/AllenStrom/F5V.prae345.fits
allen,58,Praesepe/AllenStrom/F5V.prae357.fits
allen,66,Praesepe/AllenStrom/G2V.prae388.fits
allen,76,Praesepe/AllenStrom/F4V.prae385.fits
allen,77,Praesepe/AllenStrom/F9V.prae197.fits
allen,80,Praesepe/AllenStrom/G4V.prae378.fits
allen,85,Praesepe/AllenStrom/F7V.prae410.fits
allen,90,Praesepe/AllenStrom/G2V.prae387.fits
allen,92,Praesepe/AllenStrom/F9V.prae277.fits
allen,93,Praesepe/AllenStrom/G2V.prae464.fits
allen,97,Praesepe/AllenStrom/F3V.prae324.fits
allen,99,Praesepe/AllenStrom/F1V.prae248.fits
allen,104,Praesepe/AllenStrom/F2V.prae442.fits
allen,111,Praesepe/AllenStrom/M1V.prae310.fits
allen,112,Praesepe/AllenStrom/F7V.prae322.fits
allen,119,Praesepe/AllenStrom/F7V.prae453.fits
allen,120,Praesepe/AllenStrom/F9V.prae377.fits
allen,122,Praesepe/AllenStrom/M1V.prae340.fits
allen,123,Praesepe/AllenStrom/G1V.prae435.fits
allen,128,Praesepe/AllenStrom/M3V.prae313.fits
allen,132,Praesepe/AllenStrom/G2V.prae486.fits
allen,138,Praesepe/AllenStrom/M1V.prae427.fits
allen,142,Praesepe/AllenStrom/M0V.prae309.fits
allen,147,Praesepe/AllenStrom/M3V.prae243.fits
allen,150,Praesepe/AllenStrom/M2V.prae270.fits
allen,157,Praesepe/AllenStrom/K6V.prae420.fits
allen,159,Praesepe/AllenStrom/M1V.prae394.fits
allen,161,Praesepe/AllenStrom/G4V.prae149.fits
allen,167,Praesepe/AllenStrom/G5V.prae463.fits
allen,170,Praesepe/AllenStrom/M0V.prae373.fits
allen,175,Praesepe/AllenStrom/M3.5V.prae311.fits
allen,178,Praesepe/AllenStrom/K5V.prae425.fits
allen,181,Praesepe/AllenStrom/K6V.prae379.fits
allen,184,Praesepe/AllenStrom/K5V.prae267.fits
allen,191,Praesepe/AllenStrom/M3V.prae321.fits
allen,197,Praesepe/AllenStrom/K6V.prae273.fits
allen,199,Praesepe/AllenStrom/M2V.prae281.fits
allen,210,Praesepe/AllenStrom/M3V.prae365.fits
allen,212,Praesepe/AllenStrom/F6V.prae330.fits
allen,214,Praesepe/AllenStrom/M2V.prae384.fits
allen,220,Praesepe/AllenStrom/K0V.prae332.fits
allen,232,Praesepe/AllenStrom/K5V.prae516.fits
allen,234,Praesepe/AllenStrom/M1V.prae317.fits
allen,240,Praesepe/AllenStrom/M0V.prae301.fits
allen,241,Praesepe/AllenStrom/K5V.prae526.fits
allen,262,Praesepe/AllenStrom/M2V.prae419.fits
allen,263,Praesepe/AllenStrom/M0V.prae280.fits
allen,273,Praesepe/AllenStrom/M4V.prae255.fits
allen,274,Praesepe/AllenStrom/M2V.prae318.fits
allen,278,Praesepe/AllenStrom/K7V.prae244.fits
allen,279,Praesepe/AllenStrom/K4V.prae556.fits
allen,280,Praesepe/AllenStrom/K6V.prae172.fits
allen,296,Praesepe/AllenStrom/K1V.prae451.fits
allen,300,Praesepe/AllenStrom/K8V.prae329.fits
allen,308,Praesepe/AllenStrom/K7V.prae180.fits
allen,311,Praesepe/AllenStrom/G0V.prae531.fits
allen,316,Praesepe/AllenStrom/M4V.prae391.fits
allen,324,Praesepe/AllenStrom/K4V.prae466.fits
allen,326,Praesepe/AllenStrom/K1V.prae263.fits
allen,336,Praesepe/AllenStrom/K6V.prae150.fits
allen,355,Praesepe/AllenStrom/K6V.prae186.fits
allen,358,Praesepe/AllenStrom/K1V.prae336.fits
allen,366,Praesepe/AllenStrom/K5V.prae445.fits
allen,380,Praesepe/AllenStrom/K7V.prae478.fits
allen,381,Praesepe/AllenStrom/K6V.prae349.fits
allen,383,Praesepe/AllenStrom/K4V.prae520.fits
allen,385,Praesepe/AllenStrom/K8V.prae456.fits
allen,395,Praesepe/AllenStrom/K5V.prae474.fits
allen,398,Praesepe/AllenStrom/K6V.prae493.fits
allen,408,Praesepe/AllenStrom/K7V.prae140.fits
allen,422,Praesepe/AllenStrom/G9V.prae342.fits
allen,429,Praesepe/AllenStrom/M0V.prae405.fits
allen,434,Praesepe/AllenStrom/G3V.prae361.fits
allen,461,Praesepe/AllenStrom/K3V.prae306.fits
allen,466,Praesepe/AllenStrom/K2V.prae127.fits
allen,482,Praesepe/AllenStrom/K7V.prae554.fits
allen,483,Praesepe/AllenStrom/M1V.prae364.fits
allen,510,Praesepe/AllenStrom/K5V.prae455.fits
allen,511,Praesepe/AllenStrom/K6V.prae473.fits
allen,516,Praesepe/AllenStrom/K5V.prae482.fits
allen,535,Praesepe/AllenStrom/K6V.prae259.fits
allen,536,Praesepe/AllenStrom/F7V.prae407.fits
allen,569,Praesepe/AllenStrom/K1V.prae472.fits
allen,583,Praesepe/AllenStrom/K3V.prae429.fits
allen,611,Praesepe/AllenStrom/K5V.prae179.fits
allen,676,Praesepe/AllenStrom/K1V.prae196.fits
allen,690,Praesepe/AllenStrom/K6V.prae152.fits
allen,724,Praesepe/AllenStrom/K3V.prae359.fits
allen,762,Praesepe/AllenStrom/K5V.prae242.fits
allen,825,Praesepe/AllenStrom/M2V.prae352.fits
allen,932,Praesepe/AllenStrom/K1V.prae406.fits
allen,1066,Praesepe/AllenStrom/K4V.prae448.fits
allen,1122,Praesepe/AllenStrom/M2V.prae285.fits
allen,1164,Praesepe/AllenStrom/K7V.prae302.fits
mdm2,16,Praesepe/MODspec/Nov_2012_specs/2012_11_10_finals/KW212.fits
mdm2,19,Praesepe/MODspec/Nov_2012_specs/2012_11_10_finals/KW276.fits
mdm2,26,Praesepe/MODspec/Nov_2012_specs/2012_11_10_finals/KW428.fits
mdm2,58,Praesepe/MODspec/Feb_2012_specs/new_Feb_18_finals/KW293.fits
mdm2,59,Praesepe/MODspec/Feb_2012_specs/new_Feb_18_finals/KW182.fits
mdm2,83,Praesepe/MODspec/Feb_2012_specs/new_Feb_18_finals/KW208.fits
mdm2,107,Praesepe/MODspec/Feb_2012_specs/new_Feb_18_finals/KW30.fits
mdm2,114,Praesepe/MODspec/Feb_2012_specs/new_Feb_18_finals/KW23.fits
mdm2,127,Praesepe/MODspec/Nov_2012_specs/2012_11_13_finals_postcrash/JS706_coadd.fits
mdm2,131,Praesepe/MODspec/Feb_2012_specs/new_Feb_18_finals/KW196.fits
mdm2,142,Praesepe/MODspec/Feb_2012_specs/new_Feb_20_finals/KW570.fits
mdm2,151,Praesepe/MODspec/Feb_2012_specs/new_Feb_18_finals/JS286.fits
mdm2,200,Praesepe/MODspec/Nov_2012_specs/2012_11_11_finals_steph/KW563.2.fits
mdm2,213,Praesepe/MODspec/Feb_2012_specs/new_Feb_18_finals/KW336.fits
mdm2,216,Praesepe/MODspec/Feb_2012_specs/new_Feb_18_finals/KW32.fits
mdm2,239,Praesepe/MODspec/Feb_2012_specs/new_Feb_18_finals/JS638.fits
mdm2,248,Praesepe/MODspec/Feb_2012_specs/new_Feb_18_finals/JS418.fits
mdm2,286,Praesepe/MODspec/Feb_2012_specs/new_Feb_20_finals/JS159.fits
mdm2,296,Praesepe/MODspec/Feb_2012_specs/new_Feb_18_finals/KW417.fits
mdm2,312,Praesepe/MODspec/Feb_2012_specs/new_Feb_18_finals/JS503.fits
mdm2,314,Praesepe/MODspec/Nov_2012_specs/2012_11_11_finals_steph/A1501.fits
mdm2,322,Praesepe/MODspec/Feb_2012_specs/new_Feb_18_finals/JS189.fits
mdm2,325,Praesepe/MODspec/Feb_2012_specs/new_Feb_18_finals/JS529.fits
mdm2,326,Praesepe/MODspec/Feb_2012_specs/new_Feb_18_finals/KW141.fits
mdm2,327,Praesepe/MODspec/Feb_2012_specs/new_Feb_18_finals/JS369.fits
mdm2,358,Praesepe/MODspec/Feb_2012_specs/new_Feb_18_finals/KW256.fits
mdm2,376,Praesepe/MODspec/Feb_2012_specs/new_Feb_20_finals/JS46.fits
mdm2,454,Praesepe/MODspec/Feb_2012_specs/new_Feb_20_finals/JS432.fits
mdm2,467,Praesepe/MODspec/Feb_2012_specs/new_Feb_18_finals/JS190.fits
mdm2,483,Praesepe/MODspec/Feb_2012_specs/new_Feb_20_finals/JS364.fits
mdm2,518,Praesepe/MODspec/Feb_2012_specs/new_Feb_20_finals/JS181.fits
mdm2,526,Praesepe/MODspec/Feb_2012_specs/new_Feb_18_finals/KW514.fits
mdm2,553,Praesepe/MODspec/Feb_2012_specs/new_Feb_18_finals/KW401.fits
mdm2,714,Praesepe/MODspec/Feb_2012_specs/new_Feb_20_finals/08492676+183119.fits
mdm2,740,Praesepe/MODspec/Feb_2012_specs/new_Feb_20_finals/JS545.fits
mdm2,741,Praesepe/MODspec/Feb_2012_specs/new_Feb_18_finals/KW535.fits
mdm2,798,Praesepe/MODspec/Feb_2012_specs/new_Feb_18_finals/JS134.fits
mdm2,821,Praesepe/MODspec/Feb_2012_specs/new_Feb_18_finals/JS402.fits
mdm2,850,Praesepe/MODspec/Feb_2012_specs/new_Feb_20_finals/JS489.fits
mdm2,899,Praesepe/MODspec/Feb_2012_specs/new_Feb_20_finals/JS505.fits
mdm2,992,Praesepe/MODspec/Feb_2012_specs/new_Feb_18_finals/JS131.fits
mdm2,1023,Praesepe/MODspec/Nov_2012_specs/2012_11_12_finals/AD3954.fits
mdm2,1158,Praesepe/MODspec/Nov_2012_specs/2012_11_11_finals_steph/AD0432.fits
mdm2,1162,Praesepe/MODspec/Feb_2012_specs/new_Feb_18_finals/TYC1393-1387-1.fits
sdss,42,Praesepe/SDSS/spSpec-53711-2281-623.fit
sdss,188,Praesepe/SDSS/spSpec-53709-2275-584.fit
sdss,215,Praesepe/SDSS/spSpec-53709-2275-530.fit
sdss,272,Praesepe/SDSS/spSpec-53705-2277-486.fit
sdss,351,Praesepe/SDSS/spSpec-53708-2279-361.fit
sdss,352,Praesepe/SDSS/spSpec-53705-2277-215.fit
sdss,363,Praesepe/SDSS/spSpec-53705-2277-079.fit
sdss,371,Praesepe/SDSS/spSpec-53709-2275-571.fit
sdss,393,Praesepe/SDSS/spSpec-53705-2277-312.fit
sdss,400,Praesepe/SDSS/spSpec-53709-2275-117.fit
sdss,513,Praesepe/SDSS/spSpec-53709-2275-032.fit
sdss,521,Praesepe/SDSS/spSpec-53709-2275-466.fit
sdss,532,Praesepe/SDSS/spSpec-53708-2279-366.fit
sdss,581,Praesepe/SDSS/spSpec-53709-2275-058.fit
sdss,587,Praesepe/SDSS/spSpec-53709-2275-575.fit
sdss,605,Praesepe/SDSS/spSpec-53705-2277-416.fit
sdss,608,Praesepe/SDSS/spSpec-53709-2275-596.fit
sdss,616,Praesepe/SDSS/spSpec-53705-2277-531.fit
sdss,626,Praesepe/SDSS/spSpec-53705-2277-441.fit
sdss,641,Praesepe/SDSS/spSpec-53680-2280-127.fit
sdss,656,Praesepe/SDSS/spSpec-53705-2277-536.fit
sdss,658,Praesepe/SDSS/spSpec-53708-2279-480.fit
sdss,662,Praesepe/SDSS/spSpec-53708-2279-445.fit
sdss,665,Praesepe/SDSS/spSpec-53709-2275-011.fit
sdss,681,Praesepe/SDSS/spSpec-53705-2277-195.fit
sdss,682,Praesepe/SDSS/spSpec-53709-2275-521.fit
sdss,702,Praesepe/SDSS/spSpec-53680-2280-390.fit
sdss,703,Praesepe/SDSS/spSpec-53680-2280-050.fit
sdss,719,Praesepe/SDSS/spSpec-53709-2275-148.fit
sdss,744,Praesepe/SDSS/spSpec-53709-2275-223.fit
sdss,790,Praesepe/SDSS/spSpec-53708-2279-524.fit
sdss,809,Praesepe/SDSS/spSpec-53708-2279-404.fit
sdss,813,Praesepe/SDSS/spSpec-53360-2084-010.fit
sdss,823,Praesepe/SDSS/spSpec-53360-2084-231.fit
sdss,838,Praesepe/SDSS/spSpec-53708-2279-408.fit
sdss,862,Praesepe/SDSS/spSpec-53708-2279-334.fit
sdss,873,Praesepe/SDSS/spSpec-53360-2084-472.fit
sdss,896,Praesepe/SDSS/spSpec-53705-2277-180.fit
sdss,912,Praesepe/SDSS/spSpec-53680-2280-398.fit
sdss,914,Praesepe/SDSS/spSpec-53680-2280-348.fit
sdss,919,Praesepe/SDSS/spSpec-53711-2278-447.fit
sdss,935,Praesepe/SDSS/spSpec-53709-2275-062.fit
sdss,942,Praesepe/SDSS/spSpec-53711-2278-398.fit
sdss,943,Praesepe/SDSS/spSpec-53359-2083-083.fit
sdss,969,Praesepe/SDSS/spSpec-53360-2084-499.fit
sdss,971,Praesepe/SDSS/spSpec-53708-2279-539.fit
sdss,983,Praesepe/SDSS/spSpec-53708-2279-475.fit
sdss,1001,Praesepe/SDSS/spSpec-53711-2278-438.fit
sdss,1032,Praesepe/SDSS/spSpec-53709-2275-119.fit
sdss,1055,Praesepe/SDSS/spSpec-53709-2275-330.fit
sdss,1059,Praesepe/SDSS/spSpec-53680-2280-026.fit
sdss,1076,Praesepe/SDSS/spSpec-53359-2083-435.fit
sdss,1078,Praesepe/SDSS/spSpec-53705-2277-382.fit
sdss,1079,Praesepe/SDSS/spSpec-53680-2280-260.fit
sdss,1087,Praesepe/SDSS/spSpec-53680-2280-459.fit
sdss,1090,Praesepe/SDSS/spSpec-53711-2278-431.fit
sdss,1100,Praesepe/SDSS/spSpec-53711-2278-181.fit
sdss,1104,Praesepe/SDSS/spSpec-53709-2275-274.fit
sdss,1111,Praesepe/SDSS/spSpec-53711-2278-130.fit
sdss,1113,Praesepe/SDSS/spSpec-53711-2278-529.fit
sdss,1114,Praesepe/SDSS/spSpec-53709-2275-150.fit
sdss,1152,Praesepe/SDSS/spSpec-53712-2276-271.fit
sdss,1165,Praesepe/SDSS/spSpec-53379-2085-295.fit
sdss,1166,Praesepe/SDSS/spSpec-53360-2084-347.fit
mage,121,Praesepe/MagE/JS729_F.fits
mage,204,Praesepe/MagE/JS123_F.fits
mage,237,Praesepe/MagE/JS718_F.fits
mage,333,Praesepe/MagE/HSHJ428_F.fits
mage,476,Praesepe/MagE/JS298_F.fits
